{
  "model": "llava",
  "decoder": "greedy",
  "seed": 42,
  "num_samples": 500,
  "tps": {},
  "results": {
    "random": {
      "accuracy": 0.914,
      "precision": 0.9641255605381166,
      "recall": 0.86,
      "f1": 0.9090909090909091
    },
    "popular": {
      "accuracy": 0.89,
      "precision": 0.9148936170212766,
      "recall": 0.86,
      "f1": 0.8865979381443299
    },
    "adversarial": {
      "accuracy": 0.856,
      "precision": 0.8531746031746031,
      "recall": 0.86,
      "f1": 0.8565737051792829
    }
  }
}